{
  "n_queries": 369,
  "corpus_size": 307,
  "ground_truth": "category-based",
  "alpha": 0.4,
  "step1_hybrid_top20": {
    "recall@20": 0.3921382079250688,
    "recall@5": 0.15583663523254523,
    "precision@5": 0.39620596205962055,
    "mrr": 0.5219851318938258,
    "ndcg@5": 0.4032404695991924,
    "ndcg@20": 0.3900018591919188
  },
  "step2_llm_top5": {
    "recall@5": 0.16892622176889116,
    "precision@5": 0.43902439024390244,
    "mrr": 0.5467479674796748,
    "ndcg@5": 0.4516572728876899
  },
  "estimated_cost_usd": 0.0013499999999999999
}