{
  "n_queries": 369,
  "corpus_size": 307,
  "ground_truth": "category-based (all JDs with same category as CV)",
  "alpha": 0.4,
  "pipelines": {
    "tfidf_only": {
      "recall@20": 0.337860823448383,
      "recall@5": 0.13986178326440943,
      "precision@5": 0.3555555555555555,
      "mrr": 0.5038388165557044,
      "ndcg@5": 0.36631967052662756,
      "ndcg@20": 0.3414682087093639
    },
    "embedding_only": {
      "recall@20": 0.37378413617601236,
      "recall@5": 0.15375843358865837,
      "precision@5": 0.3859078590785908,
      "mrr": 0.5376479236741161,
      "ndcg@5": 0.3959113105943299,
      "ndcg@20": 0.3732599788654176
    },
    "hybrid": {
      "recall@20": 0.3921382079250688,
      "recall@5": 0.15583663523254523,
      "precision@5": 0.39620596205962055,
      "mrr": 0.5252462713893006,
      "ndcg@5": 0.4032404695991924,
      "ndcg@20": 0.3900018591919188
    }
  }
}